{"name":"9035d619-c4b7-4a0a-83a7-28abfa6ae885","id":"/providers/Microsoft.Flow/flows/9035d619-c4b7-4a0a-83a7-28abfa6ae885","type":"Microsoft.Flow/flows","properties":{"apiId":"/providers/Microsoft.PowerApps/apis/shared_logicflows","displayName":"Copia de: Envios de Correos - Solicitudes Aprobadas","definition":{"metadata":{"workflowEntityId":null,"processAdvisorMetadata":null,"flowChargedByPaygo":null,"flowclientsuspensionreason":"None","flowclientsuspensiontime":null,"flowclientsuspensionreasondetails":null,"creator":{"id":"36f3f564-4be5-4a0d-bc6f-0efea02de309","type":"User","tenantId":"d6a2ecba-dd2a-4f0c-a632-6798e31995bb"},"provisioningMethod":"FromDefinition","failureAlertSubscription":true,"clientLastModifiedTime":"2024-05-07T20:31:38.3689477Z","connectionKeySavedTimeKey":"2024-05-07T20:31:38.3689477Z"},"$schema":"https://schema.management.azure.com/providers/Microsoft.Logic/schemas/2016-06-01/workflowdefinition.json#","contentVersion":"1.0.0.0","parameters":{"$connections":{"defaultValue":{},"type":"Object"},"$authentication":{"defaultValue":{},"type":"SecureObject"}},"triggers":{"Cuando_se_crea_o_se_modifica_un_elemento":{"recurrence":{"frequency":"Minute","interval":5},"splitOn":"@triggerOutputs()?['body/value']","metadata":{"operationMetadataId":"3b36b721-a805-4506-828a-7545973fc90f"},"type":"OpenApiConnection","inputs":{"host":{"apiId":"/providers/Microsoft.PowerApps/apis/shared_sharepointonline","connectionName":"shared_sharepointonline","operationId":"GetOnUpdatedItems"},"parameters":{"dataset":"https://ganasa.sharepoint.com/sites/Gestion_Automatizaciones","table":"4f1d1b43-6c99-4f19-b004-ec7167311a62"},"authentication":"@parameters('$authentication')"}}},"actions":{"Meses":{"runAfter":{},"metadata":{"operationMetadataId":"bb281a16-b2cb-4eed-85fb-b5a7e24d01fa"},"type":"InitializeVariable","inputs":{"variables":[{"name":"Mes","type":"object","value":{"January":"Enero","February":"Febrero","March":"Marzo","April":"Abril","May":"Mayo","June":"Junio","July":"Julio","August":"Agosto","September":"Septiembre","October":"Octubre","November":"Noviembre","December":"Diciembre"}}]}},"FechaSinAjustes":{"runAfter":{"Meses":["Succeeded"]},"metadata":{"operationMetadataId":"9c3759ae-9987-4cf2-843f-d0a4a0b803b0"},"type":"InitializeVariable","inputs":{"variables":[{"name":"Fecha","type":"string","value":"@{concat(utcNow('dd'), ' de ', '#', utcNow('MMMM'), '#', ' del ', utcNow('yyyy'))}"}]}},"IndexOf":{"runAfter":{"FechaSinAjustes":["Succeeded"]},"metadata":{"operationMetadataId":"a1703ba1-b838-4842-aaac-a5e4989db212"},"type":"Compose","inputs":"@add(int(indexOf(variables('Fecha'), '#')), 1)"},"Last_IndexOf":{"runAfter":{"IndexOf":["Succeeded"]},"metadata":{"operationMetadataId":"7dd5d4ef-85f5-4dab-b8be-30d01a228676"},"type":"Compose","inputs":"@int(lastIndexOf(variables('Fecha'), '#'))"},"numeroCaracteres":{"runAfter":{"Last_IndexOf":["Succeeded"]},"metadata":{"operationMetadataId":"6f62d4bb-5d2d-4dbd-a196-44e26b31233e"},"type":"Compose","inputs":"@sub(outputs('Last_IndexOf'), outputs('IndexOf'))"},"mesIngles":{"runAfter":{"numeroCaracteres":["Succeeded"]},"metadata":{"operationMetadataId":"b4c02325-e0ce-4205-aba6-a55b9a698539"},"type":"Compose","inputs":"@substring(variables('Fecha'), outputs('IndexOf'), outputs('numeroCaracteres'))"},"mesEspañol":{"runAfter":{"mesIngles":["Succeeded"]},"metadata":{"operationMetadataId":"9647fd67-d6d9-463c-949b-d955d2ac1047"},"type":"Compose","inputs":"@variables('Mes')[outputs('mesIngles')]"},"FechaParaCorreos":{"runAfter":{"mesEspañol":["Succeeded"]},"metadata":{"operationMetadataId":"94157b89-e467-4c6b-b70d-50429cbd4c2e"},"type":"InitializeVariable","inputs":{"variables":[{"name":"FechaCorreo","type":"string","value":"@{concat(utcNow('dd'), ' de ', outputs('mesEspañol'), ' del ', utcNow('yyyy'))}"}]}},"FechaActual":{"runAfter":{"FechaParaCorreos":["Succeeded"]},"metadata":{"operationMetadataId":"bba452fe-8c01-4c4b-8ad0-2842875ae61c"},"type":"InitializeVariable","inputs":{"variables":[{"name":"FechaActual","type":"string","value":"@{utcNow('dd/MM/yyyy')}"}]}},"LogoReditos":{"runAfter":{"FechaActual":["Succeeded"]},"metadata":{"operationMetadataId":"70f40693-0009-4af2-ada8-6bc8a9ea4372"},"type":"InitializeVariable","inputs":{"variables":[{"name":"ImagenLogo","type":"string"}]}},"PieDePagina":{"runAfter":{"LogoReditos":["Succeeded"]},"metadata":{"operationMetadataId":"3dc8dca7-4865-4e59-8b2b-16c3b31ceb6b"},"type":"InitializeVariable","inputs":{"variables":[{"name":"PieDePagina","type":"string"}]}},"Inicializar_variable":{"runAfter":{"PieDePagina":["Succeeded"]},"metadata":{"operationMetadataId":"f71b38b5-a7cf-4e52-a6ad-ae24d940a60a"},"type":"InitializeVariable","inputs":{"variables":[{"name":"ObjetoPersona","type":"object","value":{"Fecha":"","proceso":"","nombreactividad":"","Imagen":"","observacion":"","Imagenpiepagina":""}}]}},"Ámbito_2":{"actions":{"Condición_4":{"actions":{"Obtener_contenido_de_Archivo_Solicitudes_Aprobadas":{"runAfter":{},"metadata":{"b!LdLsw0334E-Vl2QuFrhC4NIb00rDAYVDpyXIE79kidcoDuiIEFEhQovnJ5jzWp3_.01WJMIVXZ6XEEDFCKNJBGJIDVMAJYY5HOO":"/Desarrollo Organizacional/Plantillas-HTML/Calendario.html","operationMetadataId":"15ca8fd0-f5cd-49c8-b0d9-ce2a375749e2","b!214-VVQAF0KOwwCog90bNCVotCkVLNtGtS0t9CuNf3krnXfdbYLbSoWI_5AmPGqE.01ER4TYA62UZODBYTQBJEYXNVI53LDSOEQ":"/Valoracion 360/Desarrollo Humano/Plantillas-HTML/Calendario.html","b!214-VVQAF0KOwwCog90bNCVotCkVLNtGtS0t9CuNf3krnXfdbYLbSoWI_5AmPGqE.01ER4TYA4EUUYXJCMOONHYUTM2GBYJ4H6Y":"/GestionAutomatización/Plantillas/Aprobado.html","b!214-VVQAF0KOwwCog90bNCVotCkVLNtGtS0t9CuNf3krnXfdbYLbSoWI_5AmPGqE.01ER4TYAYUKSAUPWLLRFGZ6SVWV2UKACSZ":"/GestionAutomatización/Plantillas/Info-Solicitud.html"},"type":"OpenApiConnection","inputs":{"host":{"apiId":"/providers/Microsoft.PowerApps/apis/shared_onedriveforbusiness","connectionName":"shared_onedriveforbusiness","operationId":"GetFileContent"},"parameters":{"id":"b!214-VVQAF0KOwwCog90bNCVotCkVLNtGtS0t9CuNf3krnXfdbYLbSoWI_5AmPGqE.01ER4TYA4EUUYXJCMOONHYUTM2GBYJ4H6Y","inferContentType":true},"authentication":"@parameters('$authentication')"}},"Enviar_correo_electrónico_al_Solicitante_2":{"runAfter":{"Convertir_archivo_a_PDF":["Succeeded"]},"metadata":{"operationMetadataId":"b8983f97-315b-4a66-884b-6a9457e3f48c"},"type":"OpenApiConnection","inputs":{"host":{"apiId":"/providers/Microsoft.PowerApps/apis/shared_office365","connectionName":"shared_office365","operationId":"SendEmailV2"},"parameters":{"emailMessage/To":"@triggerOutputs()?['body/CorreoCorporativo']","emailMessage/Subject":"Notificación Aceptación o Rechazo","emailMessage/Body":"<p>¡Hola!<br>\n<br>\nQueremos informarte que la propuesta de automatización fue revisada y validada por el equipo de Automatización de Procesos, te invitamos a abrir el archivo adjunto para que conozcas la respuesta.<br>\n<br>\nMuchas gracias.<br>\n<br>\n<em><strong>¡Este es un correo que se envía automáticamente, por favor no responder!</strong></em></p>","emailMessage/From":"correo.automatizacion@gruporeditos.com","emailMessage/Attachments":[{"Name":"@outputs('Convertir_archivo_a_PDF')?['headers/x-ms-file-name']","ContentBytes":"@body('Convertir_archivo_a_PDF')"}],"emailMessage/Importance":"Normal"},"authentication":"@parameters('$authentication')"}},"Buscar_Pie_De_Pagina":{"runAfter":{"Aplicar_a_cada_Logo_GR":["Succeeded"]},"metadata":{"b!LdLsw0334E-Vl2QuFrhC4NIb00rDAYVDpyXIE79kidcoDuiIEFEhQovnJ5jzWp3_.01WJMIVXYYA6T7VDEWNNC24XE6Z5P2HG3N":"/Desarrollo Organizacional/Imagenes","operationMetadataId":"3271fee1-3ea6-465f-957f-095a3e1deb8e","b!214-VVQAF0KOwwCog90bNCVotCkVLNtGtS0t9CuNf3krnXfdbYLbSoWI_5AmPGqE.01ER4TYA2IZLAIHGSWRNFZO2OIZHMAAGZY":"/Valoracion 360/Desarrollo Humano/Imagenes","b!214-VVQAF0KOwwCog90bNCVotCkVLNtGtS0t9CuNf3krnXfdbYLbSoWI_5AmPGqE.01ER4TYA5TAOY6T3FCM5CLHPTKSHNUHBFC":"/Valoracion 360/Seleccion MVP - Plan Talento/Imagenes","b!214-VVQAF0KOwwCog90bNCVotCkVLNtGtS0t9CuNf3krnXfdbYLbSoWI_5AmPGqE.01ER4TYA575OVDQ4ZNNNHY4USRUOKYK65Y":"/GestionAutomatización/Imágenes"},"type":"OpenApiConnection","inputs":{"host":{"apiId":"/providers/Microsoft.PowerApps/apis/shared_onedriveforbusiness","connectionName":"shared_onedriveforbusiness","operationId":"FindFiles"},"parameters":{"query":"PieDePagina.png","id":"b!214-VVQAF0KOwwCog90bNCVotCkVLNtGtS0t9CuNf3krnXfdbYLbSoWI_5AmPGqE.01ER4TYA575OVDQ4ZNNNHY4USRUOKYK65Y","findMode":"Pattern","maxFileCount":10},"authentication":"@parameters('$authentication')"}},"Aplicar_a_cada_pie_de_pagina":{"foreach":"@body('Buscar_Pie_De_Pagina')","actions":{"Obtener_contenido_de_archivo_mediante_ruta_de_acceso_pie_de_pagina":{"runAfter":{},"metadata":{"operationMetadataId":"f6da2f2a-c6d8-41e8-b11e-24c21e8880c5"},"type":"OpenApiConnection","inputs":{"host":{"apiId":"/providers/Microsoft.PowerApps/apis/shared_onedriveforbusiness","connectionName":"shared_onedriveforbusiness","operationId":"GetFileContentByPath"},"parameters":{"path":"@item()?['Path']","inferContentType":true},"authentication":"@parameters('$authentication')"}},"Establecer_variable_Pie_de_pagina":{"runAfter":{"Obtener_contenido_de_archivo_mediante_ruta_de_acceso_pie_de_pagina":["Succeeded"]},"metadata":{"operationMetadataId":"95ec5525-54ea-4893-9d37-65a925ea55c0"},"type":"SetVariable","inputs":{"name":"Piedepagina","value":"<img src=\"data:image/jpeg;base64,@{outputs('Obtener_contenido_de_archivo_mediante_ruta_de_acceso_pie_de_pagina')?['body'].$content}\" alt =\"Imagen\" height=\"80\" width=\"540\"/>"}}},"runAfter":{"Buscar_Pie_De_Pagina":["Succeeded"]},"metadata":{"operationMetadataId":"eb273eee-0e09-4304-9754-6638d8b9df95"},"type":"Foreach"},"Buscar_Logo_GR":{"runAfter":{"Obtener_contenido_de_Archivo_Solicitudes_Aprobadas":["Succeeded"]},"metadata":{"b!LdLsw0334E-Vl2QuFrhC4NIb00rDAYVDpyXIE79kidcoDuiIEFEhQovnJ5jzWp3_.01WJMIVXYYA6T7VDEWNNC24XE6Z5P2HG3N":"/Desarrollo Organizacional/Imagenes","operationMetadataId":"3271fee1-3ea6-465f-957f-095a3e1deb8e","b!214-VVQAF0KOwwCog90bNCVotCkVLNtGtS0t9CuNf3krnXfdbYLbSoWI_5AmPGqE.01ER4TYA2IZLAIHGSWRNFZO2OIZHMAAGZY":"/Valoracion 360/Desarrollo Humano/Imagenes","b!214-VVQAF0KOwwCog90bNCVotCkVLNtGtS0t9CuNf3krnXfdbYLbSoWI_5AmPGqE.01ER4TYA5TAOY6T3FCM5CLHPTKSHNUHBFC":"/Valoracion 360/Seleccion MVP - Plan Talento/Imagenes","b!214-VVQAF0KOwwCog90bNCVotCkVLNtGtS0t9CuNf3krnXfdbYLbSoWI_5AmPGqE.01ER4TYA575OVDQ4ZNNNHY4USRUOKYK65Y":"/GestionAutomatización/Imágenes"},"type":"OpenApiConnection","inputs":{"host":{"apiId":"/providers/Microsoft.PowerApps/apis/shared_onedriveforbusiness","connectionName":"shared_onedriveforbusiness","operationId":"FindFiles"},"parameters":{"query":"LogoGrupoReditos.png","id":"b!214-VVQAF0KOwwCog90bNCVotCkVLNtGtS0t9CuNf3krnXfdbYLbSoWI_5AmPGqE.01ER4TYA575OVDQ4ZNNNHY4USRUOKYK65Y","findMode":"Pattern","maxFileCount":10},"authentication":"@parameters('$authentication')"}},"Aplicar_a_cada_Logo_GR":{"foreach":"@body('Buscar_Logo_GR')","actions":{"Obtener_contenido_de_archivo_mediante_ruta_de_acceso_Logo_GR":{"runAfter":{},"metadata":{"operationMetadataId":"f6da2f2a-c6d8-41e8-b11e-24c21e8880c5"},"type":"OpenApiConnection","inputs":{"host":{"apiId":"/providers/Microsoft.PowerApps/apis/shared_onedriveforbusiness","connectionName":"shared_onedriveforbusiness","operationId":"GetFileContentByPath"},"parameters":{"path":"@items('Aplicar_a_cada_Logo_GR')?['Path']","inferContentType":true},"authentication":"@parameters('$authentication')"}},"Establecer_variable_Logo_GR":{"runAfter":{"Obtener_contenido_de_archivo_mediante_ruta_de_acceso_Logo_GR":["Succeeded"]},"metadata":{"operationMetadataId":"95ec5525-54ea-4893-9d37-65a925ea55c0"},"type":"SetVariable","inputs":{"name":"ImagenLogo","value":"<img src=\"data:image/jpeg;base64,@{outputs('Obtener_contenido_de_archivo_mediante_ruta_de_acceso_Logo_GR')?['body'].$content}\" alt =\"Imagen\" height=\"80\" width=\"540\"/>"}}},"runAfter":{"Buscar_Logo_GR":["Succeeded"]},"metadata":{"operationMetadataId":"eb273eee-0e09-4304-9754-6638d8b9df95"},"type":"Foreach"},"Establecer_ObjetoPersona":{"runAfter":{"Aplicar_a_cada_pie_de_pagina":["Succeeded"]},"metadata":{"operationMetadataId":"ac29455b-0c6f-4831-8414-bd2ca76c868d"},"type":"SetVariable","inputs":{"name":"ObjetoPersona","value":{"Fecha":"@{variables('FechaCorreo')}","proceso":"","nombreactividad":"","Imagen":"@{variables('ImagenLogo')}","PieDePagina":"@{variables('PieDePagina')}"}}},"Asignar_Proceso":{"runAfter":{"Establecer_ObjetoPersona":["Succeeded"]},"metadata":{"operationMetadataId":"88f26460-7259-4ea5-9395-bc9808e581b1"},"type":"Compose","inputs":"@replace(outputs('Obtener_contenido_de_Archivo_Solicitudes_Aprobadas')?['body'], '{proceso}', variables('ObjetoPersona')?['proceso'])"},"Asignar_NombreActividad":{"runAfter":{"Asignar_Proceso":["Succeeded"]},"metadata":{"operationMetadataId":"1fdb1f83-ecea-4ad5-b751-c2ecd3afecb6"},"type":"Compose","inputs":"@replace(outputs('Asignar_Proceso'),'{nombreactividad}',variables('ObjetoPersona')?['nombreactividad'])"},"Asignar_Logo":{"runAfter":{"Asignar_NombreActividad":["Succeeded"]},"metadata":{"operationMetadataId":"e78d93a3-2865-435c-847c-a135fc466bd3"},"type":"Compose","inputs":"@replace(outputs('Asignar_NombreActividad'),'{Imagen}', variables('ObjetoPersona')?['Imagen'])"},"Asignar_PiePagina":{"runAfter":{"Asignar_Logo":["Succeeded"]},"metadata":{"operationMetadataId":"17f82c0d-dab8-416a-a770-8232277cab7d"},"type":"Compose","inputs":"@replace(outputs('Asignar_Logo'), '{Piedepagina}', variables('ObjetoPersona')?['Piedepagina'])"},"Asignar_Fecha":{"runAfter":{"Asignar_PiePagina":["Succeeded"]},"metadata":{"operationMetadataId":"06839f52-ead9-4886-a8f8-bd30951fd55c"},"type":"Compose","inputs":"@replace(outputs('Asignar_PiePagina'), '{Fecha}', variables('ObjetoPersona')?['Fecha'])"},"Crear_archivo":{"runAfter":{"Asignar_Fecha":["Succeeded"]},"metadata":{"operationMetadataId":"b0289c80-8b28-42c8-a9f4-a4701f7acd6e"},"type":"OpenApiConnection","inputs":{"host":{"apiId":"/providers/Microsoft.PowerApps/apis/shared_onedriveforbusiness","connectionName":"shared_onedriveforbusiness","operationId":"CreateFile"},"parameters":{"folderPath":"/GestionAutomatización/Mensajes","name":"Solicitud Validada - .html","body":"@outputs('Asignar_Fecha')"},"authentication":"@parameters('$authentication')"},"runtimeConfiguration":{"contentTransfer":{"transferMode":"Chunked"}}},"Convertir_archivo_a_PDF":{"runAfter":{"Crear_archivo":["Succeeded"]},"metadata":{"operationMetadataId":"875cc441-4b32-4fc6-9045-a1d561827fa2"},"type":"OpenApiConnection","inputs":{"host":{"apiId":"/providers/Microsoft.PowerApps/apis/shared_onedriveforbusiness","connectionName":"shared_onedriveforbusiness","operationId":"ConvertFile"},"parameters":{"id":"@outputs('Crear_archivo')?['body/Id']","type":"PDF"},"authentication":"@parameters('$authentication')"}},"Eliminar_archivo":{"runAfter":{"Enviar_correo_electrónico_al_Solicitante_2":["Succeeded"]},"metadata":{"operationMetadataId":"f28c9c27-f5fd-40a8-a916-5d7e3b51be29"},"type":"OpenApiConnection","inputs":{"host":{"apiId":"/providers/Microsoft.PowerApps/apis/shared_onedriveforbusiness","connectionName":"shared_onedriveforbusiness","operationId":"DeleteFile"},"parameters":{"id":"@outputs('Crear_archivo')?['body/Id']"},"authentication":"@parameters('$authentication')"}},"Actualizar_elemento_SOLICITUDES_APROBADAS":{"runAfter":{"Eliminar_archivo":["Succeeded"]},"metadata":{"operationMetadataId":"4468f33f-a8d5-4976-b76b-e5b3bfca8abc"},"type":"OpenApiConnection","inputs":{"host":{"apiId":"/providers/Microsoft.PowerApps/apis/shared_sharepointonline","connectionName":"shared_sharepointonline","operationId":"PatchItem"},"parameters":{"dataset":"https://ganasa.sharepoint.com/sites/Gestion_Automatizaciones","table":"4f1d1b43-6c99-4f19-b004-ec7167311a62","id":"@triggerOutputs()?['body/ID']","item/Id0":"@triggerOutputs()?['body/Id0']","item/Estado":"ABIERTO","item/CorreoEnviado":"ENVIADO"},"authentication":"@parameters('$authentication')"}},"Condición":{"actions":{"Enviar_correo_electrónico_(V2)_2":{"runAfter":{},"metadata":{"operationMetadataId":"0b9b84be-d8ac-4ba9-959f-0c57e4b6e98c"},"type":"OpenApiConnection","inputs":{"host":{"apiId":"/providers/Microsoft.PowerApps/apis/shared_office365","connectionName":"shared_office365","operationId":"SendEmailV2"},"parameters":{"emailMessage/To":"danilo.ortiz@gruporeditos.com","emailMessage/Subject":"Solicitud Asignada","emailMessage/Body":"<p>¡Hola!<br>\n<br>\nQueremos informarte que la automatización @{outputs('Actualizar_elemento_SOLICITUDES_APROBADAS')?['body/NombreActividadaAutomatizar']} te fue asignada, por favor revisar el aplicativo de Teams para que comencemos el desarrollo.<br>\n<br>\nPor favor comunícate con el proceso @{outputs('Actualizar_elemento_SOLICITUDES_APROBADAS')?['body/Empresa_x002f_Proceso']} para acordar un espacio de entendimiento.<br>\n<br>\nGracias por tu compromiso.<br>\n<br>\n<em><strong>¡Este es un correo que se envía automáticamente, por favor no responder!</strong></em></p>","emailMessage/Importance":"Normal"},"authentication":"@parameters('$authentication')"}},"Enviar_correo_electrónico_(V2)_3":{"runAfter":{"Enviar_correo_electrónico_(V2)_2":["Succeeded"]},"metadata":{"operationMetadataId":"ccf37b3a-59ae-41cf-9a6a-0d280f508e28"},"type":"OpenApiConnection","inputs":{"host":{"apiId":"/providers/Microsoft.PowerApps/apis/shared_office365","connectionName":"shared_office365","operationId":"SendEmailV2"},"parameters":{"emailMessage/To":"@outputs('Actualizar_elemento_SOLICITUDES_APROBADAS')?['body/CorreoCorporativo']","emailMessage/Subject":"Notificación Asignación Desarrollador","emailMessage/Body":"<p>¡Hola!<br>\n<br>\nQueremos informarte que la automatización \"@{outputs('Actualizar_elemento_SOLICITUDES_APROBADAS')?['body/NombreActividadaAutomatizar']}” fue asignada al desarrollador @{triggerOutputs()?['body/Desarrollador/Value']}, en poco tiempo nos estaremos contactando contigo para realizar un espacio de entendimiento.<br>\n<br>\nMuchas gracias.<br>\n<br>\n<em><strong>¡Este es un correo que se envía automáticamente, por favor no responder!</strong></em></p>","emailMessage/Importance":"Normal"},"authentication":"@parameters('$authentication')"}}},"runAfter":{"Retraso":["Succeeded"]},"else":{"actions":{"Condición_2":{"actions":{"Enviar_correo_electrónico_(V2)_4":{"runAfter":{},"metadata":{"operationMetadataId":"79aa4892-3439-46b0-b45f-4a3948742e69"},"type":"OpenApiConnection","inputs":{"host":{"apiId":"/providers/Microsoft.PowerApps/apis/shared_office365","connectionName":"shared_office365","operationId":"SendEmailV2"},"parameters":{"emailMessage/To":"aprendiz.serviciosti@gruporeditos.com","emailMessage/Subject":"Solicitud Asignada","emailMessage/Body":"<p>¡Hola!<br>\n<br>\nQueremos informarte que la automatización @{outputs('Actualizar_elemento_SOLICITUDES_APROBADAS')?['body/NombreActividadaAutomatizar']} te fue asignada, por favor revisar el aplicativo de Teams para que comencemos el desarrollo.<br>\n<br>\nPor favor comunícate con el proceso @{outputs('Actualizar_elemento_SOLICITUDES_APROBADAS')?['body/Empresa_x002f_Proceso']} para acordar un espacio de entendimiento.<br>\n<br>\nGracias por tu compromiso.<br>\n<br>\n<em><strong>¡Este es un correo que se envía automáticamente, por favor no responder!</strong></em></p>","emailMessage/Importance":"Normal"},"authentication":"@parameters('$authentication')"}},"Enviar_correo_electrónico_(V2)_5":{"runAfter":{"Enviar_correo_electrónico_(V2)_4":["Succeeded"]},"metadata":{"operationMetadataId":"14f1353b-dd15-44d1-b1e1-b8404cecbf40"},"type":"OpenApiConnection","inputs":{"host":{"apiId":"/providers/Microsoft.PowerApps/apis/shared_office365","connectionName":"shared_office365","operationId":"SendEmailV2"},"parameters":{"emailMessage/To":"@outputs('Actualizar_elemento_SOLICITUDES_APROBADAS')?['body/CorreoCorporativo']","emailMessage/Subject":"Notificación Asignación Desarrollador","emailMessage/Body":"<p>¡Hola!<br>\n<br>\nQueremos informarte que la automatización @{outputs('Actualizar_elemento_SOLICITUDES_APROBADAS')?['body/NombreActividadaAutomatizar']}” fue asignada al desarrollador @{triggerOutputs()?['body/Desarrollador/Value']}, en poco tiempo nos estaremos contactando contigo para realizar un espacio de entendimiento.<br>\n<br>\nMuchas gracias.<br>\n<br>\n<em><strong>¡Este es un correo que se envía automáticamente, por favor no responder!</strong></em></p>","emailMessage/Importance":"Normal"},"authentication":"@parameters('$authentication')"}}},"runAfter":{},"else":{"actions":{"Condición_3":{"actions":{"Enviar_correo_electrónico_(V2)_6":{"runAfter":{},"metadata":{"operationMetadataId":"e697a0f4-a84c-4b3b-acbd-f3be41c9957f"},"type":"OpenApiConnection","inputs":{"host":{"apiId":"/providers/Microsoft.PowerApps/apis/shared_office365","connectionName":"shared_office365","operationId":"SendEmailV2"},"parameters":{"emailMessage/To":"aprendiz.funcional@gruporeditos.com","emailMessage/Subject":"Solicitud Asignada","emailMessage/Body":"<p>¡Hola!<br>\n<br>\nQueremos informarte que la automatización @{outputs('Actualizar_elemento_SOLICITUDES_APROBADAS')?['body/NombreActividadaAutomatizar']} te fue asignada, por favor revisar el aplicativo de Teams para que comencemos el desarrollo.<br>\n<br>\nPor favor comunícate con el proceso @{outputs('Actualizar_elemento_SOLICITUDES_APROBADAS')?['body/Empresa_x002f_Proceso']} para acordar un espacio de entendimiento.<br>\n<br>\nGracias por tu compromiso.<br>\n<br>\n<em><strong>¡Este es un correo que se envía automáticamente, por favor no responder!</strong></em></p>","emailMessage/Importance":"Normal"},"authentication":"@parameters('$authentication')"}},"Enviar_correo_electrónico_(V2)_7":{"runAfter":{"Enviar_correo_electrónico_(V2)_6":["Succeeded"]},"metadata":{"operationMetadataId":"244bca69-fa16-42b6-b720-570f7cd53489"},"type":"OpenApiConnection","inputs":{"host":{"apiId":"/providers/Microsoft.PowerApps/apis/shared_office365","connectionName":"shared_office365","operationId":"SendEmailV2"},"parameters":{"emailMessage/To":"@outputs('Actualizar_elemento_SOLICITUDES_APROBADAS')?['body/CorreoCorporativo']","emailMessage/Subject":"Notificación Asignación Desarrollador","emailMessage/Body":"<p>¡Hola!<br>\n<br>\nQueremos informarte que la automatización @{outputs('Actualizar_elemento_SOLICITUDES_APROBADAS')?['body/NombreActividadaAutomatizar']}” fue asignada al desarrollador @{triggerOutputs()?['body/Desarrollador/Value']}, en poco tiempo nos estaremos contactando contigo para realizar un espacio de entendimiento.<br>\n<br>\nMuchas gracias.<br>\n<br>\n<em><strong>¡Este es un correo que se envía automáticamente, por favor no responder!</strong></em></p>","emailMessage/Importance":"Normal"},"authentication":"@parameters('$authentication')"}}},"runAfter":{},"else":{"actions":{"Condición_6":{"actions":{"Enviar_correo_electrónico_(V2)":{"runAfter":{},"metadata":{"operationMetadataId":"fbd638fc-1800-42a1-bc24-504b1ea5007d"},"type":"OpenApiConnection","inputs":{"host":{"apiId":"/providers/Microsoft.PowerApps/apis/shared_office365","connectionName":"shared_office365","operationId":"SendEmailV2"},"parameters":{"emailMessage/To":"aprendiz.gestion@gruporeditos.com","emailMessage/Subject":"Solicitud Asignada","emailMessage/Body":"<p>¡Hola!<br>\n<br>\nQueremos informarte que la automatización @{outputs('Actualizar_elemento_SOLICITUDES_APROBADAS')?['body/NombreActividadaAutomatizar']} te fue asignada, por favor revisar el aplicativo de Teams para que comencemos el desarrollo.<br>\n<br>\nPor favor comunícate con el proceso @{outputs('Actualizar_elemento_SOLICITUDES_APROBADAS')?['body/Empresa_x002f_Proceso']} para acordar un espacio de entendimiento.<br>\n<br>\nGracias por tu compromiso.<br>\n<br>\n¡Este es un correo que se envía automáticamente, por favor no responder!</p>","emailMessage/Importance":"Normal"},"authentication":"@parameters('$authentication')"}},"Enviar_correo_electrónico_(V2)_8":{"runAfter":{"Enviar_correo_electrónico_(V2)":["Succeeded"]},"metadata":{"operationMetadataId":"f7f8756f-0f95-4106-b5f0-8827d2df49e6"},"type":"OpenApiConnection","inputs":{"host":{"apiId":"/providers/Microsoft.PowerApps/apis/shared_office365","connectionName":"shared_office365","operationId":"SendEmailV2"},"parameters":{"emailMessage/To":"@outputs('Actualizar_elemento_SOLICITUDES_APROBADAS')?['body/CorreoCorporativo']","emailMessage/Subject":"Notificación Asigancion Desarrollador","emailMessage/Body":"<p>¡Hola!<br>\n<br>\nQueremos informarte que la automatización @{outputs('Actualizar_elemento_SOLICITUDES_APROBADAS')?['body/NombreActividadaAutomatizar']}” fue asignada al desarrollador @{triggerOutputs()?['body/Desarrollador/Value']}, en poco tiempo nos estaremos contactando contigo para realizar un espacio de entendimiento.<br>\n<br>\nMuchas gracias.<br>\n<br>\n¡Este es un correo que se envía automáticamente, por favor no responder!</p>","emailMessage/Importance":"Normal"},"authentication":"@parameters('$authentication')"}}},"runAfter":{},"expression":{"equals":["@outputs('Actualizar_elemento_SOLICITUDES_APROBADAS')?['body/Desarrollador/Value']","Matthew C."]},"metadata":{"operationMetadataId":"0d12cdf1-ea95-40a1-9813-abfdeb77c549"},"type":"If"}}},"expression":{"equals":["@triggerOutputs()?['body/Desarrollador/Value']","Cristian A."]},"metadata":{"operationMetadataId":"fc46aba5-86d6-4fdb-bb20-0ae010f14b03"},"type":"If"}}},"expression":{"equals":["@outputs('Actualizar_elemento_SOLICITUDES_APROBADAS')?['body/Desarrollador/Value']","Jose C."]},"metadata":{"operationMetadataId":"a68fa8ba-00c1-473e-b4d0-30a284d88298"},"type":"If"}}},"expression":{"equals":["@outputs('Actualizar_elemento_SOLICITUDES_APROBADAS')?['body/Desarrollador/Value']","Danilo O."]},"metadata":{"operationMetadataId":"0a8484cd-017d-49c2-80a3-999c945612ed"},"type":"If"},"Retraso":{"runAfter":{"Actualizar_elemento_SOLICITUDES_APROBADAS":["Succeeded"]},"metadata":{"operationMetadataId":"c3f23496-d63a-452c-a088-3a4a2e2ebb97"},"type":"Wait","inputs":{"interval":{"count":30,"unit":"Second"}}}},"runAfter":{},"else":{"actions":{"Condición_5":{"actions":{"Actualizar_elemento":{"runAfter":{},"metadata":{"operationMetadataId":"0c0f6e49-d667-4552-8bfa-807b50acd738"},"type":"OpenApiConnection","inputs":{"host":{"apiId":"/providers/Microsoft.PowerApps/apis/shared_sharepointonline","connectionName":"shared_sharepointonline","operationId":"PatchItem"},"parameters":{"dataset":"https://ganasa.sharepoint.com/sites/Gestion_Automatizaciones","table":"4f1d1b43-6c99-4f19-b004-ec7167311a62","id":"@triggerOutputs()?['body/ID']","item/Id0":"@triggerOutputs()?['body/Id0']","item/Estado":"CERRADO","item/CorreoEnviado":"ENVIADO"},"authentication":"@parameters('$authentication')"}}},"runAfter":{},"expression":{"and":[{"equals":["@triggerOutputs()?['body/CorreoEnviado']","NO ENVIADO"]},{"equals":["@triggerOutputs()?['body/Decisi_x00f3_n']","RECHAZADO"]}]},"metadata":{"operationMetadataId":"24e34c96-f2b9-4862-b577-9b25125303ba"},"type":"If"}}},"expression":{"and":[{"equals":["@triggerOutputs()?['body/CorreoEnviado']","NO ENVIADO"]},{"equals":["@triggerOutputs()?['body/Decisi_x00f3_n']","APROBADO"]}]},"metadata":{"operationMetadataId":"bfba7c91-a588-4c43-bcec-93238f99001a"},"type":"If"}},"runAfter":{"Inicializar_variable":["Succeeded"]},"metadata":{"operationMetadataId":"62870109-b33b-4056-9b70-648d90c4e4f1"},"type":"Scope"},"Ámbito":{"actions":{},"runAfter":{"Ámbito_2":["Failed","Skipped"]},"metadata":{"operationMetadataId":"29251b73-9973-4899-b212-5edf179c29a9"},"type":"Scope"}},"description":"Este bot envía los correos correspondientes (ya sea carta de continuidad o carta de agradecimiento) a cada una de las personas que se encuentran en la  ListaAprobados o ListaNoAprobados que se encuentra en el origen de datos PlanCarrera"},"connectionReferences":{"shared_onedriveforbusiness":{"connectionName":"shared-onedriveforbu-cfcf09ba-78f3-468d-af86-9fb9b5d230c4","source":"Embedded","id":"/providers/Microsoft.PowerApps/apis/shared_onedriveforbusiness","tier":"NotSpecified"},"shared_office365":{"connectionName":"shared-office365-73b4174e-96a5-4226-8122-0b05d1a7e210","source":"Embedded","id":"/providers/Microsoft.PowerApps/apis/shared_office365","tier":"NotSpecified"},"shared_sharepointonline":{"connectionName":"shared-sharepointonl-5f73fb4a-3cfd-4454-a7a1-d0840e2f7a77","source":"Embedded","id":"/providers/Microsoft.PowerApps/apis/shared_sharepointonline","tier":"NotSpecified"}},"flowFailureAlertSubscribed":false,"isManaged":false}}