{"schemaVersion":"1.0","appDefinitionTemplate":{"id":"/providers/Microsoft.PowerApps/apps/","type":"Microsoft.PowerApps/apps","tags":{"primaryDeviceWidth":"1366","primaryDeviceHeight":"768","supportsPortrait":"true","supportsLandscape":"true","primaryFormFactor":"Tablet","showStatusBar":"false","publisherVersion":"3.24051.29","minimumRequiredApiVersion":"2.2.0","hasComponent":"false","hasUnlockedComponent":"false","isUnifiedRootApp":"false","sienaVersion":"20240530T145302Z-3.24051.29.0"},"properties":{"appVersion":"2024-05-30T14:53:02Z","lifeCycleId":"Published","createdByClientVersion":{"major":3,"minor":24051,"build":29,"revision":0,"majorRevision":0,"minorRevision":0},"minClientVersion":{"major":3,"minor":24051,"build":29,"revision":0,"majorRevision":0,"minorRevision":0},"backgroundColor":"rgba(255, 255, 255, 1)","backgroundImageUri":"/14872460316738842177/Ndf57191d-b06f-4fb9-a13f-62cd0069a382-logoSmallFile","displayName":"Gestion de Automatizacion","description":"","commitMessage":"","appUris":{"documentUri":{"value":"/14872460316738842177/N7b56edc3-28b3-46ae-bc50-1f5c7af3988f-document.msapp"},"imageUris":[],"additionalUris":[{"isSolutionAware":false,"value":"/14872460316738842177/N8bb3e651-d077-440e-a3e7-dd268b0dc7e4-identity.json"}]},"createdTime":"0001-01-01T00:00:00Z","lastModifiedTime":"0001-01-01T00:00:00Z","sharedGroupsCount":0,"sharedUsersCount":0,"connectionReferences":{"6531b096-9e46-4291-983c-19af856e0f3f":{"id":"7ff93a4b-b106-4531-a28b-37fb137a6297","displayName":"SharePoint","iconUri":"https://connectoricons-prod.azureedge.net/releases/v1.0.1685/1.0.1685.3700/sharepointonline/icon.png","dataSources":["Gestion_Automatizacion","SolicitudesAprobadas","ConDocumentos","SolicitudesTerminadas","SolicitudesRechazadas_1"],"dependencies":[],"dependents":[],"parameterHints":{},"parameterHintsV2":{},"isOnPremiseConnection":false,"bypassConsent":false,"dataSets":{"https://ganasa.sharepoint.com/sites/Gestion_Automatizaciones":{"dataSources":{"Gestion_Automatizacion":{"tableName":"e064d348-c8f0-4f26-8c3d-3b9379d7e0fa"},"SolicitudesAprobadas":{"tableName":"4f1d1b43-6c99-4f19-b004-ec7167311a62"},"ConDocumentos":{"tableName":"7d69b770-664e-4a25-a37e-1b820515f994"},"SolicitudesTerminadas":{"tableName":"61f1058b-dd04-405e-a637-c86cd1e7a59d"},"SolicitudesRechazadas_1":{"tableName":"9ae31afc-811b-4c7b-8e7b-a5df8371a3ee"}}}},"apiTier":"Standard","isCustomApiConnection":false,"actions":["providers/PowerPlatform.Governance/Operations/Read","providers/PowerPlatform.Governance/Operations/Write","providers/PowerPlatform.Governance/Operations/Delete"]}},"databaseReferences":{"default.cds":{"databaseDetails":{"referenceType":"Environmental","environmentName":"default.cds","overrideValues":{"status":"NotSpecified","environmentVariableName":""}},"dataSources":{"Cuentas":{"entitySetName":"accounts","logicalName":"account","isHidden":false}}}},"almMode":"Environment","performanceOptimizationEnabled":true,"canConsumeAppPass":true,"enableModernRuntimeMode":false,"executionRestrictions":{"isTeamsOnly":false,"dataLossPreventionEvaluationResult":{"status":"Compliant","lastEvaluationDate":"2024-04-16T19:03:38.6187156Z","violations":[],"violationsByPolicy":[],"violationErrorMessage":"La aplicación usa los siguientes conectores: ."}}},"appType":"ClassicCanvasApp","appComponents":[]}}