{"name":"41bfbeef-12df-4f55-b20b-84320604645e","id":"/providers/Microsoft.Flow/flows/41bfbeef-12df-4f55-b20b-84320604645e","type":"Microsoft.Flow/flows","properties":{"apiId":"/providers/Microsoft.PowerApps/apis/shared_logicflows","displayName":"Copia de: Cambio Etapas","definition":{"metadata":{"workflowEntityId":null,"processAdvisorMetadata":null,"flowChargedByPaygo":null,"flowclientsuspensionreason":"None","flowclientsuspensiontime":null,"flowclientsuspensionreasondetails":null,"creator":{"id":"36f3f564-4be5-4a0d-bc6f-0efea02de309","type":"User","tenantId":"d6a2ecba-dd2a-4f0c-a632-6798e31995bb"},"provisioningMethod":"FromDefinition","failureAlertSubscription":true,"clientLastModifiedTime":"2024-05-07T20:36:04.0533593Z","connectionKeySavedTimeKey":"2024-05-07T20:36:04.0533593Z"},"$schema":"https://schema.management.azure.com/providers/Microsoft.Logic/schemas/2016-06-01/workflowdefinition.json#","contentVersion":"1.0.0.0","parameters":{"$connections":{"defaultValue":{},"type":"Object"},"$authentication":{"defaultValue":{},"type":"SecureObject"}},"triggers":{"Cuando_se_crea_o_se_modifica_un_elemento":{"recurrence":{"frequency":"Minute","interval":5},"splitOn":"@triggerOutputs()?['body/value']","metadata":{"operationMetadataId":"b1f7def5-87e9-4afe-a96d-24c3af6555d0"},"type":"OpenApiConnection","inputs":{"host":{"apiId":"/providers/Microsoft.PowerApps/apis/shared_sharepointonline","connectionName":"shared_sharepointonline","operationId":"GetOnUpdatedItems"},"parameters":{"dataset":"https://ganasa.sharepoint.com/sites/Gestion_Automatizaciones","table":"4f1d1b43-6c99-4f19-b004-ec7167311a62"},"authentication":"@parameters('$authentication')"}}},"actions":{"Ámbito":{"actions":{},"runAfter":{"Ámbito_2":["Failed","Skipped"]},"metadata":{"operationMetadataId":"588981dd-d992-493b-8d38-17619b0d3722"},"type":"Scope"},"Ámbito_2":{"actions":{"Condición_5":{"actions":{"Enviar_correo_electrónico_(V2)_8":{"runAfter":{},"metadata":{"operationMetadataId":"dffdaba9-60eb-458f-8fa6-592c3b89d94a"},"type":"OpenApiConnection","inputs":{"host":{"apiId":"/providers/Microsoft.PowerApps/apis/shared_office365","connectionName":"shared_office365","operationId":"SendEmailV2"},"parameters":{"emailMessage/To":"@triggerOutputs()?['body/CorreoCorporativo']","emailMessage/Subject":"Notificación Comienzo del Desarrollo","emailMessage/Body":"<p>¡Hola!<br>\n<br>\nQueremos informarte que la automatización  se encuentra en desarrollo, te invitamos a estar atentos si se requieren validaciones adicionales durante el proceso.<br>\n<br>\nMuchas gracias.<br>\n<br>\n<em><strong>¡Este es un correo que se envía automáticamente, por favor no responder!</strong></em></p>","emailMessage/Importance":"Normal"},"authentication":"@parameters('$authentication')"}}},"runAfter":{},"else":{"actions":{"Condición_6":{"actions":{"Enviar_correo_electrónico_(V2)_5":{"runAfter":{},"metadata":{"operationMetadataId":"471c51f3-4e20-4a5a-833c-332ff8ac7708"},"type":"OpenApiConnection","inputs":{"host":{"apiId":"/providers/Microsoft.PowerApps/apis/shared_office365","connectionName":"shared_office365","operationId":"SendEmailV2"},"parameters":{"emailMessage/To":"@triggerOutputs()?['body/CorreoCorporativo']","emailMessage/Subject":"Notificación Pruebas QA","emailMessage/Body":"<p>¡Hola!<br>\n<br>\nQueremos informarte que la automatización se encuentra en su etapa final, por lo tanto, se están realizando las pruebas correspondientes, en los próximos días se presentaran los avances del mismo al responsable de la solicitud y equipo, les agradecemos estar pendientes del correo electrónico.<br>\n<br>\nMuchas gracias.<br>\n<br>\n<em><strong>¡Este es un correo que se envía automáticamente, por favor no responder!</strong></em></p>","emailMessage/Importance":"Normal"},"authentication":"@parameters('$authentication')"}}},"runAfter":{},"else":{"actions":{"Condición_7":{"actions":{"Enviar_correo_electrónico_(V2)_6":{"runAfter":{},"metadata":{"operationMetadataId":"2fc76a03-7a76-4bff-8f6f-0bf10ac3977f"},"type":"OpenApiConnection","inputs":{"host":{"apiId":"/providers/Microsoft.PowerApps/apis/shared_office365","connectionName":"shared_office365","operationId":"SendEmailV2"},"parameters":{"emailMessage/To":"@triggerOutputs()?['body/CorreoCorporativo']","emailMessage/Subject":"Notificación Construcción de la Documentación","emailMessage/Body":"<p>¡Hola!<br>\n<br>\nQueremos informarte que nos encontramos en construcción de la documentación requerida de la automatización “@{triggerOutputs()?['body/NombreActividadaAutomatizar']}”.<br>\n<br>\nMuchas Gracias.<br>\n<br>\n<em><strong>¡Este es un correo que se envía automáticamente, por favor no responder!</strong></em></p>","emailMessage/Importance":"Normal"},"authentication":"@parameters('$authentication')"}}},"runAfter":{},"else":{"actions":{"Condición":{"actions":{"Enviar_correo_electrónico_(V2)":{"runAfter":{},"metadata":{"operationMetadataId":"d7446378-9b3f-4253-b7de-6a3a7c431936"},"type":"OpenApiConnection","inputs":{"host":{"apiId":"/providers/Microsoft.PowerApps/apis/shared_office365","connectionName":"shared_office365","operationId":"SendEmailV2"},"parameters":{"emailMessage/To":"@triggerOutputs()?['body/CorreoCorporativo']","emailMessage/Subject":"Salida a Producción","emailMessage/Body":"<p>¡Hola!<br>\n<br>\n¡Enhorabuena! Nos sentimos muy felices de informarte a ti y a tu equipo que la automatización \"@{triggerOutputs()?['body/NombreActividadaAutomatizar']}” sale a producción, esperamos que sea de gran utilidad para todos de acuerdo con lo planteado en los alcances del acta de inicio.<br>\n<br>\nDurante los días siguientes estaremos realizando el seguimiento pertinente al BOT y prestos a atender posibles novedades con el mismo, es importante resaltar que en el caso de presentar incidencias o si se requiere soporte del mismo, se debe presentar la solicitud a través de la plataforma de Proactivanet-Modulo Automatización de Procesos.<br>\n<br>\n<em><strong>¡Gracias por confiar en nuestro trabajo!<br>\n<br>\nCordialmente<br>\nEquipo de Automatización de Procesos<br>\n<br>\n¡Este es un correo que se envía automáticamente, por favor no responder!</strong></em></p>","emailMessage/Importance":"Normal"},"authentication":"@parameters('$authentication')"}},"Eliminar_elemento":{"runAfter":{"Crear_elemento_SOLICITUDES_Terminadas":["Succeeded"]},"metadata":{"operationMetadataId":"bbda7d90-86ce-4e37-8f8e-2e05d34d324c"},"type":"OpenApiConnection","inputs":{"host":{"apiId":"/providers/Microsoft.PowerApps/apis/shared_sharepointonline","connectionName":"shared_sharepointonline","operationId":"DeleteItem"},"parameters":{"dataset":"https://ganasa.sharepoint.com/sites/Gestion_Automatizaciones","table":"4f1d1b43-6c99-4f19-b004-ec7167311a62","id":"@triggerOutputs()?['body/ID']"},"authentication":"@parameters('$authentication')"}},"Crear_elemento_SOLICITUDES_Terminadas":{"runAfter":{"Enviar_correo_electrónico_(V2)":["Succeeded"]},"metadata":{"operationMetadataId":"1959d77d-6275-45fc-8865-e975b3582e8c"},"type":"OpenApiConnection","inputs":{"host":{"apiId":"/providers/Microsoft.PowerApps/apis/shared_sharepointonline","connectionName":"shared_sharepointonline","operationId":"PostItem"},"parameters":{"dataset":"https://ganasa.sharepoint.com/sites/Gestion_Automatizaciones","table":"61f1058b-dd04-405e-a637-c86cd1e7a59d","item/Id0":"@triggerOutputs()?['body/Id0']","item/FechaDeSolicitud":"@triggerOutputs()?['body/FechaDeSolicitud']","item/Empresa_x002f_Proceso":"@triggerOutputs()?['body/Empresa_x002f_Proceso']","item/Nombres":"@triggerOutputs()?['body/Nombres']","item/Apellidos":"@triggerOutputs()?['body/Apellidos']","item/CargoDelResponsable":"@triggerOutputs()?['body/CargoDelResponsable']","item/CorreoCorporativo":"@triggerOutputs()?['body/CorreoCorporativo']","item/NombreActividadaAutomatizar":"@triggerOutputs()?['body/NombreActividadaAutomatizar']","item/Descripci_x00f3_ndelaActividadqu":"@triggerOutputs()?['body/Descripci_x00f3_ndelaActividadqu']","item/TiempoqueDemoraRealizandolaActiv":"@triggerOutputs()?['body/TiempoqueDemoraRealizandolaActiv']","item/AplicacionesQueUtilizanParaReali":"@triggerOutputs()?['body/AplicacionesQueUtilizanParaReali']","item/N_x00fa_merodePersonasqueRealiza":"@triggerOutputs()?['body/N_x00fa_merodePersonasqueRealiza']","item/BeneficiodelaAutomatizaci_x00f3_":"@triggerOutputs()?['body/BeneficiodelaAutomatizaci_x00f3_']","item/OData__x00bf_EnlaActividadIntervienela":"@triggerOutputs()?['body/OData__x00bf_EnlaActividadIntervienela']","item/OData__x00bf_Recepcionaninformaci_x00f":"@triggerOutputs()?['body/OData__x00bf_Recepcionaninformaci_x00f']","item/IndiquedeCu_x00e1_lProcesoRecibe":"@triggerOutputs()?['body/IndiquedeCu_x00e1_lProcesoRecibe']","item/EstadoDeLaSolicitud":"CERRADO","item/FechaAprobaci_x00f3_n":"@triggerOutputs()?['body/FechaAprobaci_x00f3_n']","item/Desarrollador":"@triggerOutputs()?['body/Desarrollador/Value']","item/Etapa":"@triggerOutputs()?['body/Etapa/Value']","item/Observaciones":"@triggerOutputs()?['body/Observaciones']","item/CorreoEnviado":"@triggerOutputs()?['body/CorreoEnviado']","item/Decisi_x00f3_n":"@triggerOutputs()?['body/Decisi_x00f3_n']"},"authentication":"@parameters('$authentication')"}}},"runAfter":{},"expression":{"equals":["@triggerOutputs()?['body/Etapa/Value']","Salida a Producción"]},"metadata":{"operationMetadataId":"4de9c710-48c8-4aaa-84b0-fbbd933a7724"},"type":"If"}}},"expression":{"equals":["@triggerOutputs()?['body/Etapa/Value']","Construcción de la Documentación"]},"metadata":{"operationMetadataId":"fc2bc862-bd1d-4a38-80b6-46df662cd5f8"},"type":"If"}}},"expression":{"equals":["@triggerOutputs()?['body/Etapa/Value']","Pruebas en QA"]},"metadata":{"operationMetadataId":"e48198ea-be00-4e99-9420-8ada050d5504"},"type":"If"}}},"expression":{"equals":["@triggerOutputs()?['body/Etapa/Value']","Desarrollo en Proceso"]},"metadata":{"operationMetadataId":"a763f0b4-1111-427c-8913-b7f0570e1499"},"type":"If"}},"runAfter":{},"metadata":{"operationMetadataId":"06be15f7-39d3-43dd-a6a9-ae5c5695023e"},"type":"Scope"}}},"connectionReferences":{"shared_office365":{"connectionName":"shared-office365-73b4174e-96a5-4226-8122-0b05d1a7e210","source":"Embedded","id":"/providers/Microsoft.PowerApps/apis/shared_office365","tier":"NotSpecified"},"shared_sharepointonline":{"connectionName":"shared-sharepointonl-5f73fb4a-3cfd-4454-a7a1-d0840e2f7a77","source":"Embedded","id":"/providers/Microsoft.PowerApps/apis/shared_sharepointonline","tier":"NotSpecified"}},"flowFailureAlertSubscribed":false,"isManaged":false}}