{"name":"e66ac106-786f-4cf4-803d-a40b38449251","id":"/providers/Microsoft.Flow/flows/e66ac106-786f-4cf4-803d-a40b38449251","type":"Microsoft.Flow/flows","properties":{"apiId":"/providers/Microsoft.PowerApps/apis/shared_logicflows","displayName":"Copia de: GA- respuesta del analista AS-IS","definition":{"metadata":{"workflowEntityId":null,"processAdvisorMetadata":null,"flowChargedByPaygo":null,"flowclientsuspensionreason":"None","flowclientsuspensiontime":null,"flowclientsuspensionreasondetails":null,"creator":{"id":"36f3f564-4be5-4a0d-bc6f-0efea02de309","type":"User","tenantId":"d6a2ecba-dd2a-4f0c-a632-6798e31995bb"},"provisioningMethod":"FromDefinition","failureAlertSubscription":true,"clientLastModifiedTime":"2024-05-07T20:33:01.5869761Z","connectionKeySavedTimeKey":"2024-05-07T20:33:01.5869761Z"},"$schema":"https://schema.management.azure.com/providers/Microsoft.Logic/schemas/2016-06-01/workflowdefinition.json#","contentVersion":"1.0.0.0","parameters":{"$connections":{"defaultValue":{},"type":"Object"},"$authentication":{"defaultValue":{},"type":"SecureObject"}},"triggers":{"Cuando_se_crea_o_se_modifica_un_elemento":{"recurrence":{"frequency":"Minute","interval":5},"splitOn":"@triggerOutputs()?['body/value']","metadata":{"operationMetadataId":"79be3ee9-f4e1-4117-8ac4-9556b857a707"},"type":"OpenApiConnection","inputs":{"host":{"apiId":"/providers/Microsoft.PowerApps/apis/shared_sharepointonline","connectionName":"shared_sharepointonline","operationId":"GetOnUpdatedItems"},"parameters":{"dataset":"https://ganasa.sharepoint.com/sites/Gestion_Automatizaciones","table":"e064d348-c8f0-4f26-8c3d-3b9379d7e0fa"},"authentication":"@parameters('$authentication')"}}},"actions":{"Condición":{"actions":{"Condición_2":{"actions":{"Enviar_correo_electrónico_al_solicitante":{"runAfter":{},"metadata":{"operationMetadataId":"649b4a4c-e3b6-4661-8fca-64badadf72a0"},"type":"OpenApiConnection","inputs":{"host":{"apiId":"/providers/Microsoft.PowerApps/apis/shared_office365","connectionName":"shared_office365","operationId":"SendEmailV2"},"parameters":{"emailMessage/To":"@triggerOutputs()?['body/field_7']","emailMessage/Subject":"Asignación de Solicitud","emailMessage/Body":"<p>¡Hola!<br>\n<br>\nQueremos informarte que la propuesta de automatización “@{triggerOutputs()?['body/field_8']}” se encuentra en validaciones por el “@{triggerOutputs()?['body/EquipoResponsable/Value']}”, una vez tomada una decisión nos comunicaremos por este medio para informarle la respuesta.<br>\n<br>\nMuchas gracias.<br>\n<br>\n<em><strong>¡Este es un correo que se envía automáticamente, por favor no responder!</strong></em></p>","emailMessage/Importance":"Normal"},"authentication":"@parameters('$authentication')"}}},"runAfter":{},"expression":{"or":[{"equals":["@triggerOutputs()?['body/EquipoResponsable/Value']","Equipo Interdisciplinario"]},{"equals":["@triggerOutputs()?['body/EquipoResponsable/Value']","Equipo de Automatización"]}]},"metadata":{"operationMetadataId":"d618e774-68bb-40c7-915a-07838d8a8705"},"type":"If"}},"runAfter":{},"expression":{"or":[{"equals":["@triggerOutputs()?['body/Decisi_x00f3_n/Value']","SI"]},{"not":{"equals":["@triggerOutputs()?['body/EquipoResponsable/Value']","No"]}}]},"metadata":{"operationMetadataId":"949200e5-af96-4697-9f11-db4e7a950e2a"},"type":"If"}}},"connectionReferences":{"shared_office365":{"connectionName":"shared-office365-73b4174e-96a5-4226-8122-0b05d1a7e210","source":"Embedded","id":"/providers/Microsoft.PowerApps/apis/shared_office365","tier":"NotSpecified"},"shared_sharepointonline":{"connectionName":"shared-sharepointonl-5f73fb4a-3cfd-4454-a7a1-d0840e2f7a77","source":"Embedded","id":"/providers/Microsoft.PowerApps/apis/shared_sharepointonline","tier":"NotSpecified"}},"flowFailureAlertSubscribed":false,"isManaged":false}}