{"name":"86974fbb-e37b-44a1-98c1-cf7c66fe3dfe","id":"/providers/Microsoft.Flow/flows/86974fbb-e37b-44a1-98c1-cf7c66fe3dfe","type":"Microsoft.Flow/flows","properties":{"apiId":"/providers/Microsoft.PowerApps/apis/shared_logicflows","displayName":"Copia de: Envios de Correos - Solicitudes Nuevas","definition":{"metadata":{"workflowEntityId":null,"processAdvisorMetadata":null,"flowChargedByPaygo":null,"flowclientsuspensionreason":"None","flowclientsuspensiontime":null,"flowclientsuspensionreasondetails":null,"creator":{"id":"36f3f564-4be5-4a0d-bc6f-0efea02de309","type":"User","tenantId":"d6a2ecba-dd2a-4f0c-a632-6798e31995bb"},"provisioningMethod":"FromDefinition","failureAlertSubscription":true,"clientLastModifiedTime":"2024-05-07T20:26:33.1968065Z","connectionKeySavedTimeKey":"2024-05-07T20:26:33.1968065Z"},"$schema":"https://schema.management.azure.com/providers/Microsoft.Logic/schemas/2016-06-01/workflowdefinition.json#","contentVersion":"1.0.0.0","parameters":{"$connections":{"defaultValue":{},"type":"Object"},"$authentication":{"defaultValue":{},"type":"SecureObject"}},"triggers":{"Cuando_se_envía_una_respuesta_nueva":{"splitOn":"@triggerOutputs()?['body/value']","metadata":{"operationMetadataId":"d73550b4-dd96-485a-9b27-487211d3b39e"},"type":"OpenApiConnectionWebhook","inputs":{"host":{"apiId":"/providers/Microsoft.PowerApps/apis/shared_microsoftforms","connectionName":"shared_microsoftforms","operationId":"CreateFormWebhook"},"parameters":{"form_id":"uuyi1irdDE-mMmeY4xmVu2T18zblSw1KvG8O_qAt4wlUQVhKMTROOEgzTE9VWVNCU0Y4VkgyRlpDTy4u"},"authentication":"@parameters('$authentication')"}}},"actions":{"Meses":{"runAfter":{"Obtener_los_detalles_de_la_respuesta":["Succeeded"]},"metadata":{"operationMetadataId":"bb281a16-b2cb-4eed-85fb-b5a7e24d01fa"},"type":"InitializeVariable","inputs":{"variables":[{"name":"Mes","type":"object","value":{"January":"Enero","February":"Febrero","March":"Marzo","April":"Abril","May":"Mayo","June":"Junio","July":"Julio","August":"Agosto","September":"Septiembre","October":"Octubre","November":"Noviembre","December":"Diciembre"}}]}},"FechaSinAjustes":{"runAfter":{"Meses":["Succeeded"]},"metadata":{"operationMetadataId":"9c3759ae-9987-4cf2-843f-d0a4a0b803b0"},"type":"InitializeVariable","inputs":{"variables":[{"name":"Fecha","type":"string","value":"@{concat(utcNow('dd'), ' de ', '#', utcNow('MMMM'), '#', ' del ', utcNow('yyyy'))}"}]}},"IndexOf":{"runAfter":{"FechaSinAjustes":["Succeeded"]},"metadata":{"operationMetadataId":"a1703ba1-b838-4842-aaac-a5e4989db212"},"type":"Compose","inputs":"@add(int(indexOf(variables('Fecha'), '#')), 1)"},"Last_IndexOf":{"runAfter":{"IndexOf":["Succeeded"]},"metadata":{"operationMetadataId":"7dd5d4ef-85f5-4dab-b8be-30d01a228676"},"type":"Compose","inputs":"@int(lastIndexOf(variables('Fecha'), '#'))"},"numeroCaracteres":{"runAfter":{"Last_IndexOf":["Succeeded"]},"metadata":{"operationMetadataId":"6f62d4bb-5d2d-4dbd-a196-44e26b31233e"},"type":"Compose","inputs":"@sub(outputs('Last_IndexOf'), outputs('IndexOf'))"},"mesIngles":{"runAfter":{"numeroCaracteres":["Succeeded"]},"metadata":{"operationMetadataId":"b4c02325-e0ce-4205-aba6-a55b9a698539"},"type":"Compose","inputs":"@substring(variables('Fecha'), outputs('IndexOf'), outputs('numeroCaracteres'))"},"mesEspañol":{"runAfter":{"mesIngles":["Succeeded"]},"metadata":{"operationMetadataId":"9647fd67-d6d9-463c-949b-d955d2ac1047"},"type":"Compose","inputs":"@variables('Mes')[outputs('mesIngles')]"},"FechaParaCorreos":{"runAfter":{"mesEspañol":["Succeeded"]},"metadata":{"operationMetadataId":"94157b89-e467-4c6b-b70d-50429cbd4c2e"},"type":"InitializeVariable","inputs":{"variables":[{"name":"FechaCorreo","type":"string","value":"@{concat(utcNow('dd'), ' de ', outputs('mesEspañol'), ' del ', utcNow('yyyy'))}"}]}},"FechaActual":{"runAfter":{"FechaParaCorreos":["Succeeded"]},"metadata":{"operationMetadataId":"bba452fe-8c01-4c4b-8ad0-2842875ae61c"},"type":"InitializeVariable","inputs":{"variables":[{"name":"FechaActual","type":"string","value":"@{utcNow('dd/MM/yyyy')}"}]}},"LogoReditos":{"runAfter":{"FechaActual":["Succeeded"]},"metadata":{"operationMetadataId":"70f40693-0009-4af2-ada8-6bc8a9ea4372"},"type":"InitializeVariable","inputs":{"variables":[{"name":"ImagenLogo","type":"string"}]}},"PieDePagina":{"runAfter":{"LogoReditos":["Succeeded"]},"metadata":{"operationMetadataId":"3dc8dca7-4865-4e59-8b2b-16c3b31ceb6b"},"type":"InitializeVariable","inputs":{"variables":[{"name":"PieDePagina","type":"string"}]}},"Inicializar_variable":{"runAfter":{"PieDePagina":["Succeeded"]},"metadata":{"operationMetadataId":"f71b38b5-a7cf-4e52-a6ad-ae24d940a60a"},"type":"InitializeVariable","inputs":{"variables":[{"name":"ObjetoPersona","type":"object","value":{"Fecha":"","fechasolicitud":"","proceso":"","nombres":"","apellidos":"","cargo":"","nombreactividad":"","descripcion":"","tiempo":"","aplicaciones":"","Imagen":"","Imagenpiepagina":""}}]}},"Obtener_los_detalles_de_la_respuesta":{"runAfter":{},"metadata":{"operationMetadataId":"a0cf3fcb-ca3d-42cb-8072-14e71c0bea33"},"type":"OpenApiConnection","inputs":{"host":{"apiId":"/providers/Microsoft.PowerApps/apis/shared_microsoftforms","connectionName":"shared_microsoftforms","operationId":"GetFormResponseById"},"parameters":{"form_id":"uuyi1irdDE-mMmeY4xmVu2T18zblSw1KvG8O_qAt4wlUQVhKMTROOEgzTE9VWVNCU0Y4VkgyRlpDTy4u","response_id":"@triggerOutputs()?['body/resourceData/responseId']"},"authentication":"@parameters('$authentication')"}},"Ámbito_2":{"actions":{"Crear_elemento_en_lista_Gestion_Automatizacion":{"runAfter":{},"metadata":{"operationMetadataId":"7ac8e4d4-59a6-4e35-97f8-986a57b3ed8e"},"type":"OpenApiConnection","inputs":{"host":{"apiId":"/providers/Microsoft.PowerApps/apis/shared_sharepointonline","connectionName":"shared_sharepointonline","operationId":"PostItem"},"parameters":{"dataset":"https://ganasa.sharepoint.com/sites/Gestion_Automatizaciones","table":"e064d348-c8f0-4f26-8c3d-3b9379d7e0fa","item/Id0":"@triggerOutputs()?['body/resourceData/responseId']","item/Title":"@outputs('Obtener_los_detalles_de_la_respuesta')?['body/rf8b3f8cbd4214e2192f8a43ae6795567']","item/field_1":"@outputs('Obtener_los_detalles_de_la_respuesta')?['body/rd479173ccd9f4cc191d191bbe0bbad8d']","item/field_3":"@outputs('Obtener_los_detalles_de_la_respuesta')?['body/rd33d63f24641454a8c69bd6ef7c7f1e6']","item/field_4":"@outputs('Obtener_los_detalles_de_la_respuesta')?['body/r4f6f305300564a8a83fc3b27e83c41d5']","item/field_5":"@outputs('Obtener_los_detalles_de_la_respuesta')?['body/r2edb48775c904bb98c0820d657def9af']","item/field_7":"@outputs('Obtener_los_detalles_de_la_respuesta')?['body/r83f83ed294c74521a4e08d04baf371e4']","item/field_8":"@outputs('Obtener_los_detalles_de_la_respuesta')?['body/rfb62dc745c2f4ceb8c7d37a4cb8413af']","item/field_9":"@outputs('Obtener_los_detalles_de_la_respuesta')?['body/r2ff71e0737de42dd84718fba6c4b56ad']","item/OData__x00bf_Qu_x00e9_serequiereconlas":"@outputs('Obtener_los_detalles_de_la_respuesta')?['body/r23982db89d9a478eaf618263b8c2da5c']","item/field_10":"@outputs('Obtener_los_detalles_de_la_respuesta')?['body/r645ae84232284661b5f0c7600b87cba3']","item/field_12":"@outputs('Obtener_los_detalles_de_la_respuesta')?['body/rbaccb63303ef4f8c84d7bfaca1ec78fe']","item/field_13":"@outputs('Obtener_los_detalles_de_la_respuesta')?['body/r76aeff3202564bec89c09d2f90b874ff']","item/field_15":"@outputs('Obtener_los_detalles_de_la_respuesta')?['body/rb1b723067b5b4ff591ecc6b8184708df']","item/field_17":"@outputs('Obtener_los_detalles_de_la_respuesta')?['body/r528961785638413f84d824ff7526d25c']","item/field_18":"@outputs('Obtener_los_detalles_de_la_respuesta')?['body/re89fdaf6de31458c83cdc3d45e9b125d']","item/field_19":"@outputs('Obtener_los_detalles_de_la_respuesta')?['body/ra694ca3683644919b63bbc91bb84e1f2']","item/Estado":"ABIERTO","item/CorreoEnviado":"NO ENVIADO"},"authentication":"@parameters('$authentication')"}},"Condición_4":{"actions":{"Actualizar_elemento_en_lista_Gestion_de_Automatización":{"runAfter":{"Eliminar_archivo":["Succeeded"]},"metadata":{"operationMetadataId":"83922eca-f4fc-4c45-9d81-809cbec45a4c"},"type":"OpenApiConnection","inputs":{"host":{"apiId":"/providers/Microsoft.PowerApps/apis/shared_sharepointonline","connectionName":"shared_sharepointonline","operationId":"PatchItem"},"parameters":{"dataset":"https://ganasa.sharepoint.com/sites/Gestion_Automatizaciones","table":"e064d348-c8f0-4f26-8c3d-3b9379d7e0fa","id":"@outputs('Crear_elemento_en_lista_Gestion_Automatizacion')?['body/ID']","item/Id0":"@triggerOutputs()?['body/resourceData/responseId']","item/CorreoEnviado":"ENVIADO"},"authentication":"@parameters('$authentication')"}},"Obtener_contenido_de_Archivo_Información_Solicitud":{"runAfter":{},"metadata":{"b!LdLsw0334E-Vl2QuFrhC4NIb00rDAYVDpyXIE79kidcoDuiIEFEhQovnJ5jzWp3_.01WJMIVXZ6XEEDFCKNJBGJIDVMAJYY5HOO":"/Desarrollo Organizacional/Plantillas-HTML/Calendario.html","operationMetadataId":"15ca8fd0-f5cd-49c8-b0d9-ce2a375749e2","b!214-VVQAF0KOwwCog90bNCVotCkVLNtGtS0t9CuNf3krnXfdbYLbSoWI_5AmPGqE.01ER4TYA62UZODBYTQBJEYXNVI53LDSOEQ":"/Valoracion 360/Desarrollo Humano/Plantillas-HTML/Calendario.html","b!214-VVQAF0KOwwCog90bNCVotCkVLNtGtS0t9CuNf3krnXfdbYLbSoWI_5AmPGqE.01ER4TYA4EUUYXJCMOONHYUTM2GBYJ4H6Y":"/GestionAutomatización/Plantillas/InformacionSolicitud.html","b!214-VVQAF0KOwwCog90bNCVotCkVLNtGtS0t9CuNf3krnXfdbYLbSoWI_5AmPGqE.01ER4TYAYUKSAUPWLLRFGZ6SVWV2UKACSZ":"/GestionAutomatización/Plantillas/Info-Solicitud.html"},"type":"OpenApiConnection","inputs":{"host":{"apiId":"/providers/Microsoft.PowerApps/apis/shared_onedriveforbusiness","connectionName":"shared_onedriveforbusiness","operationId":"GetFileContent"},"parameters":{"id":"b!214-VVQAF0KOwwCog90bNCVotCkVLNtGtS0t9CuNf3krnXfdbYLbSoWI_5AmPGqE.01ER4TYAYUKSAUPWLLRFGZ6SVWV2UKACSZ","inferContentType":true},"authentication":"@parameters('$authentication')"}},"Enviar_correo_electrónico_al_Solicitante_2":{"runAfter":{"Convertir_archivo_a_PDF":["Succeeded"]},"metadata":{"operationMetadataId":"b8983f97-315b-4a66-884b-6a9457e3f48c"},"type":"OpenApiConnection","inputs":{"host":{"apiId":"/providers/Microsoft.PowerApps/apis/shared_office365","connectionName":"shared_office365","operationId":"SendEmailV2"},"parameters":{"emailMessage/To":"@outputs('Crear_elemento_en_lista_Gestion_Automatizacion')?['body/field_7']","emailMessage/Subject":"Requerimiento Recibido","emailMessage/Body":"<p>¡Hola!<br>\n<br>\nQueremos informarte que la propuesta de automatización “@{outputs('Crear_elemento_en_lista_Gestion_Automatizacion')?['body/field_8']}” fue recibida de manera exitosa, te invitamos a que estés pendiente de tus medios de comunicación dado que se brindará una respuesta a tu solicitud.<br>\n<br>\nMuchas gracias.<br>\n<br>\n<em><strong>¡Este es un correo que se envía automáticamente, por favor no responder!</strong></em></p>","emailMessage/From":"correo.automatizacion@gruporeditos.com","emailMessage/Attachments":[{"Name":"@outputs('Convertir_archivo_a_PDF')?['headers/x-ms-file-name']","ContentBytes":"@body('Convertir_archivo_a_PDF')"}],"emailMessage/Importance":"Normal"},"authentication":"@parameters('$authentication')"}},"Buscar_Pie_De_Pagina":{"runAfter":{"Aplicar_a_cada_Logo_GR":["Succeeded"]},"metadata":{"b!LdLsw0334E-Vl2QuFrhC4NIb00rDAYVDpyXIE79kidcoDuiIEFEhQovnJ5jzWp3_.01WJMIVXYYA6T7VDEWNNC24XE6Z5P2HG3N":"/Desarrollo Organizacional/Imagenes","operationMetadataId":"3271fee1-3ea6-465f-957f-095a3e1deb8e","b!214-VVQAF0KOwwCog90bNCVotCkVLNtGtS0t9CuNf3krnXfdbYLbSoWI_5AmPGqE.01ER4TYA2IZLAIHGSWRNFZO2OIZHMAAGZY":"/Valoracion 360/Desarrollo Humano/Imagenes","b!214-VVQAF0KOwwCog90bNCVotCkVLNtGtS0t9CuNf3krnXfdbYLbSoWI_5AmPGqE.01ER4TYA5TAOY6T3FCM5CLHPTKSHNUHBFC":"/Valoracion 360/Seleccion MVP - Plan Talento/Imagenes","b!214-VVQAF0KOwwCog90bNCVotCkVLNtGtS0t9CuNf3krnXfdbYLbSoWI_5AmPGqE.01ER4TYA575OVDQ4ZNNNHY4USRUOKYK65Y":"/GestionAutomatización/Imágenes"},"type":"OpenApiConnection","inputs":{"host":{"apiId":"/providers/Microsoft.PowerApps/apis/shared_onedriveforbusiness","connectionName":"shared_onedriveforbusiness","operationId":"FindFiles"},"parameters":{"query":"PieDePagina.png","id":"b!214-VVQAF0KOwwCog90bNCVotCkVLNtGtS0t9CuNf3krnXfdbYLbSoWI_5AmPGqE.01ER4TYA575OVDQ4ZNNNHY4USRUOKYK65Y","findMode":"Pattern","maxFileCount":10},"authentication":"@parameters('$authentication')"}},"Aplicar_a_cada_pie_de_pagina":{"foreach":"@body('Buscar_Pie_De_Pagina')","actions":{"Obtener_contenido_de_archivo_mediante_ruta_de_acceso_pie_de_pagina":{"runAfter":{},"metadata":{"operationMetadataId":"f6da2f2a-c6d8-41e8-b11e-24c21e8880c5"},"type":"OpenApiConnection","inputs":{"host":{"apiId":"/providers/Microsoft.PowerApps/apis/shared_onedriveforbusiness","connectionName":"shared_onedriveforbusiness","operationId":"GetFileContentByPath"},"parameters":{"path":"@item()?['Path']","inferContentType":true},"authentication":"@parameters('$authentication')"}},"Establecer_variable_Pie_de_pagina":{"runAfter":{"Obtener_contenido_de_archivo_mediante_ruta_de_acceso_pie_de_pagina":["Succeeded"]},"metadata":{"operationMetadataId":"95ec5525-54ea-4893-9d37-65a925ea55c0"},"type":"SetVariable","inputs":{"name":"Piedepagina","value":"<img src=\"data:image/jpeg;base64,@{outputs('Obtener_contenido_de_archivo_mediante_ruta_de_acceso_pie_de_pagina')?['body'].$content}\" alt =\"Imagen\" height=\"80\" width=\"540\"/>"}}},"runAfter":{"Buscar_Pie_De_Pagina":["Succeeded"]},"metadata":{"operationMetadataId":"eb273eee-0e09-4304-9754-6638d8b9df95"},"type":"Foreach"},"Buscar_Logo_GR":{"runAfter":{"Obtener_contenido_de_Archivo_Información_Solicitud":["Succeeded"]},"metadata":{"b!LdLsw0334E-Vl2QuFrhC4NIb00rDAYVDpyXIE79kidcoDuiIEFEhQovnJ5jzWp3_.01WJMIVXYYA6T7VDEWNNC24XE6Z5P2HG3N":"/Desarrollo Organizacional/Imagenes","operationMetadataId":"3271fee1-3ea6-465f-957f-095a3e1deb8e","b!214-VVQAF0KOwwCog90bNCVotCkVLNtGtS0t9CuNf3krnXfdbYLbSoWI_5AmPGqE.01ER4TYA2IZLAIHGSWRNFZO2OIZHMAAGZY":"/Valoracion 360/Desarrollo Humano/Imagenes","b!214-VVQAF0KOwwCog90bNCVotCkVLNtGtS0t9CuNf3krnXfdbYLbSoWI_5AmPGqE.01ER4TYA5TAOY6T3FCM5CLHPTKSHNUHBFC":"/Valoracion 360/Seleccion MVP - Plan Talento/Imagenes","b!214-VVQAF0KOwwCog90bNCVotCkVLNtGtS0t9CuNf3krnXfdbYLbSoWI_5AmPGqE.01ER4TYA575OVDQ4ZNNNHY4USRUOKYK65Y":"/GestionAutomatización/Imágenes"},"type":"OpenApiConnection","inputs":{"host":{"apiId":"/providers/Microsoft.PowerApps/apis/shared_onedriveforbusiness","connectionName":"shared_onedriveforbusiness","operationId":"FindFiles"},"parameters":{"query":"LogoGrupoReditos.png","id":"b!214-VVQAF0KOwwCog90bNCVotCkVLNtGtS0t9CuNf3krnXfdbYLbSoWI_5AmPGqE.01ER4TYA575OVDQ4ZNNNHY4USRUOKYK65Y","findMode":"Pattern","maxFileCount":10},"authentication":"@parameters('$authentication')"}},"Aplicar_a_cada_Logo_GR":{"foreach":"@body('Buscar_Logo_GR')","actions":{"Obtener_contenido_de_archivo_mediante_ruta_de_acceso_Logo_GR":{"runAfter":{},"metadata":{"operationMetadataId":"f6da2f2a-c6d8-41e8-b11e-24c21e8880c5"},"type":"OpenApiConnection","inputs":{"host":{"apiId":"/providers/Microsoft.PowerApps/apis/shared_onedriveforbusiness","connectionName":"shared_onedriveforbusiness","operationId":"GetFileContentByPath"},"parameters":{"path":"@items('Aplicar_a_cada_Logo_GR')?['Path']","inferContentType":true},"authentication":"@parameters('$authentication')"}},"Establecer_variable_Logo_GR":{"runAfter":{"Obtener_contenido_de_archivo_mediante_ruta_de_acceso_Logo_GR":["Succeeded"]},"metadata":{"operationMetadataId":"95ec5525-54ea-4893-9d37-65a925ea55c0"},"type":"SetVariable","inputs":{"name":"ImagenLogo","value":"<img src=\"data:image/jpeg;base64,@{outputs('Obtener_contenido_de_archivo_mediante_ruta_de_acceso_Logo_GR')?['body'].$content}\" alt =\"Imagen\" height=\"80\" width=\"540\"/>"}}},"runAfter":{"Buscar_Logo_GR":["Succeeded"]},"metadata":{"operationMetadataId":"eb273eee-0e09-4304-9754-6638d8b9df95"},"type":"Foreach"},"Establecer_ObjetoPersona":{"runAfter":{"Aplicar_a_cada_pie_de_pagina":["Succeeded"]},"metadata":{"operationMetadataId":"ac29455b-0c6f-4831-8414-bd2ca76c868d"},"type":"SetVariable","inputs":{"name":"ObjetoPersona","value":{"Fecha":"@{variables('FechaCorreo')}","fechasolicitud":"@{outputs('Crear_elemento_en_lista_Gestion_Automatizacion')?['body/Title']}","proceso":"@{outputs('Crear_elemento_en_lista_Gestion_Automatizacion')?['body/field_1']}","nombres":"@{outputs('Crear_elemento_en_lista_Gestion_Automatizacion')?['body/field_3']}","apellidos":"@{outputs('Crear_elemento_en_lista_Gestion_Automatizacion')?['body/field_4']}","cargo":"@{outputs('Crear_elemento_en_lista_Gestion_Automatizacion')?['body/field_5']}","nombreactividad":"@{outputs('Crear_elemento_en_lista_Gestion_Automatizacion')?['body/field_8']}","descripcion":"@{outputs('Crear_elemento_en_lista_Gestion_Automatizacion')?['body/field_9']}","tiempo":"@{outputs('Crear_elemento_en_lista_Gestion_Automatizacion')?['body/field_10']}","aplicaciones":"@{outputs('Crear_elemento_en_lista_Gestion_Automatizacion')?['body/field_12']}","Imagen":"@{variables('ImagenLogo')}","Piedepagina":"@{variables('PieDePagina')}"}}},"Asignar_Nombre":{"runAfter":{"Establecer_ObjetoPersona":["Succeeded"]},"metadata":{"operationMetadataId":"e289ce40-f743-4d31-b2b3-0cd40a8a251a"},"type":"Compose","inputs":"@replace(outputs('Obtener_contenido_de_Archivo_Información_Solicitud')?['body'], '{nombres}', variables('ObjetoPersona')?['nombres'])"},"Asignar_Apellidos":{"runAfter":{"Asignar_Nombre":["Succeeded"]},"metadata":{"operationMetadataId":"80883493-fb5d-49e8-9e31-d229e1e3401a"},"type":"Compose","inputs":"@replace(outputs('Asignar_Nombre'), '{apellidos}', variables('ObjetoPersona')?['apellidos'])"},"Asignar_FechaSolicitud":{"runAfter":{"Asignar_Apellidos":["Succeeded"]},"metadata":{"operationMetadataId":"c5a1ff02-08a1-4b53-8393-daf1e1adedb1"},"type":"Compose","inputs":"@replace(outputs('Asignar_Apellidos'), '{fechasolicitud}', variables('ObjetoPersona')?['fechasolicitud'])"},"Asignar_Proceso":{"runAfter":{"Asignar_FechaSolicitud":["Succeeded"]},"metadata":{"operationMetadataId":"88f26460-7259-4ea5-9395-bc9808e581b1"},"type":"Compose","inputs":"@replace(outputs('Asignar_FechaSolicitud'),'{proceso}', variables('ObjetoPersona')?['proceso'])"},"Asignar_Cargo":{"runAfter":{"Asignar_Proceso":["Succeeded"]},"metadata":{"operationMetadataId":"55e630ce-f085-498f-9456-18af080efaf4"},"type":"Compose","inputs":"@replace(outputs('Asignar_Proceso'), '{cargo}', variables('ObjetoPersona')?['cargo'])"},"Asignar_NombreActividad":{"runAfter":{"Asignar_Cargo":["Succeeded"]},"metadata":{"operationMetadataId":"1fdb1f83-ecea-4ad5-b751-c2ecd3afecb6"},"type":"Compose","inputs":"@replace(outputs('Asignar_Cargo'), '{nombreactividad}', variables('ObjetoPersona')?['nombreactividad'])"},"Asignar_Descripcion":{"runAfter":{"Asignar_NombreActividad":["Succeeded"]},"metadata":{"operationMetadataId":"d03569bb-ec7e-439d-911e-f5428a666bd9"},"type":"Compose","inputs":"@replace(outputs('Asignar_NombreActividad'), '{descripcion}', variables('ObjetoPersona')?['descripcion'])"},"Asignar_Tiempo":{"runAfter":{"Asignar_Descripcion":["Succeeded"]},"metadata":{"operationMetadataId":"f70b47f2-27ac-41b0-b64b-5599d797d332"},"type":"Compose","inputs":"@replace(outputs('Asignar_Descripcion'), '{tiempo}', variables('ObjetoPersona')?['tiempo'])"},"Asignar_Aplicaciones":{"runAfter":{"Asignar_Tiempo":["Succeeded"]},"metadata":{"operationMetadataId":"1edcbd2a-1327-4d7c-9e27-35ea956a9659"},"type":"Compose","inputs":"@replace(outputs('Asignar_Tiempo'), '{aplicaciones}', variables('ObjetoPersona')?['aplicaciones'])"},"Asignar_Logo":{"runAfter":{"Asignar_Aplicaciones":["Succeeded"]},"metadata":{"operationMetadataId":"e78d93a3-2865-435c-847c-a135fc466bd3"},"type":"Compose","inputs":"@replace(outputs('Asignar_Aplicaciones'), '{Imagen}', variables('ObjetoPersona')?['Imagen'])"},"Asignar_PiePagina":{"runAfter":{"Asignar_Logo":["Succeeded"]},"metadata":{"operationMetadataId":"17f82c0d-dab8-416a-a770-8232277cab7d"},"type":"Compose","inputs":"@replace(outputs('Asignar_Logo'), '{Piedepagina}', variables('ObjetoPersona')?['Piedepagina'])"},"Asignar_Fecha":{"runAfter":{"Asignar_PiePagina":["Succeeded"]},"metadata":{"operationMetadataId":"06839f52-ead9-4886-a8f8-bd30951fd55c"},"type":"Compose","inputs":"@replace(outputs('Asignar_PiePagina'), '{Fecha}', variables('ObjetoPersona')?['Fecha'])"},"Crear_archivo":{"runAfter":{"Asignar_Fecha":["Succeeded"]},"metadata":{"operationMetadataId":"b0289c80-8b28-42c8-a9f4-a4701f7acd6e"},"type":"OpenApiConnection","inputs":{"host":{"apiId":"/providers/Microsoft.PowerApps/apis/shared_onedriveforbusiness","connectionName":"shared_onedriveforbusiness","operationId":"CreateFile"},"parameters":{"folderPath":"/GestionAutomatización/Mensajes","name":"Solicitud Recibida - @{outputs('Crear_elemento_en_lista_Gestion_Automatizacion')?['body/field_8']}.html","body":"@outputs('Asignar_Fecha')"},"authentication":"@parameters('$authentication')"},"runtimeConfiguration":{"contentTransfer":{"transferMode":"Chunked"}}},"Convertir_archivo_a_PDF":{"runAfter":{"Crear_archivo":["Succeeded"]},"metadata":{"operationMetadataId":"875cc441-4b32-4fc6-9045-a1d561827fa2"},"type":"OpenApiConnection","inputs":{"host":{"apiId":"/providers/Microsoft.PowerApps/apis/shared_onedriveforbusiness","connectionName":"shared_onedriveforbusiness","operationId":"ConvertFile"},"parameters":{"id":"@outputs('Crear_archivo')?['body/Id']","type":"PDF"},"authentication":"@parameters('$authentication')"}},"Enviar_correo_electrónico_(V2)":{"runAfter":{"Actualizar_elemento_en_lista_Gestion_de_Automatización":["Succeeded"]},"metadata":{"operationMetadataId":"02fa94a5-a411-4cd8-b172-46638af3d0e2"},"type":"OpenApiConnection","inputs":{"host":{"apiId":"/providers/Microsoft.PowerApps/apis/shared_office365","connectionName":"shared_office365","operationId":"SendEmailV2"},"parameters":{"emailMessage/To":"sara.arboleda@gruporeditos.com;correo.automatizacion@gruporeditos.com;aprendiz.funcional@gruporeditos.com","emailMessage/Subject":"Nueva Solicitud","emailMessage/Body":"<p>¡Hola!<br>\n<br>\nHay una nueva solicitud a nombre de: @{outputs('Actualizar_elemento_en_lista_Gestion_de_Automatización')?['body/field_3']} @{outputs('Actualizar_elemento_en_lista_Gestion_de_Automatización')?['body/field_4']}, del proceso @{outputs('Actualizar_elemento_en_lista_Gestion_de_Automatización')?['body/field_1']}.<br>\n<br>\nPor favor revisa el aplicativo de Teams, para que valides la indormación de la solicitud con nombre: @{outputs('Actualizar_elemento_en_lista_Gestion_de_Automatización')?['body/field_8']}.<br>\n<br>\nGracias!<br>\n<br>\n</p>","emailMessage/Importance":"Normal"},"authentication":"@parameters('$authentication')"}},"Eliminar_archivo":{"runAfter":{"Enviar_correo_electrónico_al_Solicitante_2":["Succeeded"]},"metadata":{"operationMetadataId":"f28c9c27-f5fd-40a8-a916-5d7e3b51be29"},"type":"OpenApiConnection","inputs":{"host":{"apiId":"/providers/Microsoft.PowerApps/apis/shared_onedriveforbusiness","connectionName":"shared_onedriveforbusiness","operationId":"DeleteFile"},"parameters":{"id":"@outputs('Crear_archivo')?['body/Id']"},"authentication":"@parameters('$authentication')"}}},"runAfter":{"Crear_elemento_en_lista_Gestion_Automatizacion":["Succeeded"]},"expression":{"equals":["@outputs('Crear_elemento_en_lista_Gestion_Automatizacion')?['body/CorreoEnviado']","NO ENVIADO"]},"metadata":{"operationMetadataId":"bfba7c91-a588-4c43-bcec-93238f99001a"},"type":"If"}},"runAfter":{"Inicializar_variable":["Succeeded"]},"metadata":{"operationMetadataId":"62870109-b33b-4056-9b70-648d90c4e4f1"},"type":"Scope"},"Ámbito":{"actions":{},"runAfter":{"Ámbito_2":["Failed","Skipped"]},"metadata":{"operationMetadataId":"7980cbfa-66a4-4c09-934a-8fe0c2dcd0d4"},"type":"Scope"}},"description":"Este bot envía los correos correspondientes (ya sea carta de continuidad o carta de agradecimiento) a cada una de las personas que se encuentran en la  ListaAprobados o ListaNoAprobados que se encuentra en el origen de datos PlanCarrera"},"connectionReferences":{"shared_microsoftforms":{"connectionName":"shared-microsoftform-6e0c06a6-2d2a-4bcc-8027-1fc32ca9b979","source":"Embedded","id":"/providers/Microsoft.PowerApps/apis/shared_microsoftforms","tier":"NotSpecified"},"shared_sharepointonline":{"connectionName":"shared-sharepointonl-5f73fb4a-3cfd-4454-a7a1-d0840e2f7a77","source":"Embedded","id":"/providers/Microsoft.PowerApps/apis/shared_sharepointonline","tier":"NotSpecified"},"shared_onedriveforbusiness":{"connectionName":"shared-onedriveforbu-cfcf09ba-78f3-468d-af86-9fb9b5d230c4","source":"Embedded","id":"/providers/Microsoft.PowerApps/apis/shared_onedriveforbusiness","tier":"NotSpecified"},"shared_office365":{"connectionName":"shared-office365-73b4174e-96a5-4226-8122-0b05d1a7e210","source":"Embedded","id":"/providers/Microsoft.PowerApps/apis/shared_office365","tier":"NotSpecified"}},"flowFailureAlertSubscribed":false,"isManaged":false}}